{
  "topic_representations": {
    "0": [
      [
        "economy",
        0.4169289171695709
      ],
      [
        "market",
        0.27683156728744507
      ],
      [
        "agri",
        0.2663518488407135
      ],
      [
        "farmers",
        0.2644920349121094
      ],
      [
        "agenda",
        0.2603589594364166
      ],
      [
        "delhi",
        0.2580201029777527
      ],
      [
        "2025",
        0.2400376945734024
      ],
      [
        "fed",
        0.23482203483581543
      ],
      [
        "congress",
        0.23186972737312317
      ],
      [
        "growth",
        0.2193392813205719
      ]
    ],
    "1": [
      [
        "yen",
        0.315665602684021
      ],
      [
        "busan",
        0.26208627223968506
      ],
      [
        "jinping",
        0.25932204723358154
      ],
      [
        "asian",
        0.24612274765968323
      ],
      [
        "donald",
        0.24519678950309753
      ],
      [
        "trump",
        0.23919585347175598
      ],
      [
        "meeting",
        0.2355315387248993
      ],
      [
        "tariffs",
        0.23241111636161804
      ],
      [
        "talks",
        0.22927138209342957
      ],
      [
        "chinese",
        0.22098083794116974
      ]
    ],
    "2": [
      [
        "apec",
        0.27992117404937744
      ],
      [
        "korea",
        0.2720305919647217
      ],
      [
        "marcos",
        0.22878697514533997
      ],
      [
        "manila",
        0.1972064971923828
      ],
      [
        "trump",
        0.17729969322681427
      ],
      [
        "south",
        0.1671518087387085
      ],
      [
        "meeting",
        0.15955662727355957
      ],
      [
        "market",
        0.14855657517910004
      ],
      [
        "departs",
        0.14014819264411926
      ],
      [
        "conference",
        0.13997210562229156
      ]
    ]
  },
  "topics": [
    0,
    0,
    1,
    1,
    1,
    1,
    0,
    0,
    1,
    2,
    1,
    0,
    2,
    0,
    0,
    1,
    0,
    0,
    0,
    2,
    0,
    1,
    0,
    0,
    0,
    0,
    0,
    1,
    1,
    0,
    0,
    0,
    1,
    0,
    2,
    2,
    2,
    2,
    2,
    2,
    1,
    1,
    0,
    0,
    0,
    0,
    0,
    0,
    0,
    0
  ],
  "topic_sizes": {
    "0": 28,
    "1": 13,
    "2": 9
  },
  "topic_mapper": [
    [
      0,
      0,
      2
    ],
    [
      1,
      1,
      1
    ],
    [
      2,
      2,
      0
    ]
  ],
  "topic_labels": {
    "0": "0_economy_market_agri_farmers",
    "1": "1_yen_busan_jinping_asian",
    "2": "2_apec_korea_marcos_manila"
  },
  "custom_labels": null,
  "_outliers": 0,
  "topic_aspects": {}
}