{
  "topic_representations": {
    "0": [
      [
        "economy",
        0.3627653121948242
      ],
      [
        "partnerships",
        0.3185196816921234
      ],
      [
        "sector",
        0.30656683444976807
      ],
      [
        "prosperity",
        0.2744795083999634
      ],
      [
        "industry",
        0.24244961142539978
      ],
      [
        "innovation",
        0.23775649070739746
      ],
      [
        "we",
        0.23017826676368713
      ],
      [
        "global",
        0.22737228870391846
      ],
      [
        "progress",
        0.2248174250125885
      ],
      [
        "chairman",
        0.22291702032089233
      ]
    ],
    "1": [
      [
        "inflation",
        0.30290496349334717
      ],
      [
        "financial",
        0.29416435956954956
      ],
      [
        "interest",
        0.27467840909957886
      ],
      [
        "investment",
        0.2509612441062927
      ],
      [
        "forecasts",
        0.2467685043811798
      ],
      [
        "president",
        0.24402225017547607
      ],
      [
        "soon",
        0.20718848705291748
      ],
      [
        "cut",
        0.2070956826210022
      ],
      [
        "bank",
        0.199945867061615
      ],
      [
        "next",
        0.19923105835914612
      ]
    ],
    "2": [
      [
        "demand",
        0.26485905051231384
      ],
      [
        "growth",
        0.2640323042869568
      ],
      [
        "spending",
        0.25745266675949097
      ],
      [
        "forecasted",
        0.251027375459671
      ],
      [
        "2025",
        0.23545092344284058
      ],
      [
        "optimistic",
        0.23288458585739136
      ],
      [
        "us",
        0.231019526720047
      ],
      [
        "usa",
        0.22601750493049622
      ],
      [
        "business",
        0.21336661279201508
      ],
      [
        "international",
        0.21335053443908691
      ]
    ]
  },
  "topics": [
    0,
    1,
    2,
    0,
    0,
    0,
    0,
    1,
    0,
    0,
    0,
    1,
    0,
    1,
    1,
    0,
    2,
    2,
    2,
    0,
    0,
    0,
    0,
    2,
    2,
    0,
    0,
    0,
    0,
    0,
    2,
    0,
    2,
    0,
    1,
    1,
    1,
    1,
    1,
    1
  ],
  "topic_sizes": {
    "0": 21,
    "1": 11,
    "2": 8
  },
  "topic_mapper": [
    [
      0,
      0,
      0
    ],
    [
      1,
      1,
      2
    ],
    [
      2,
      2,
      1
    ]
  ],
  "topic_labels": {
    "0": "0_economy_partnerships_sector_prosperity",
    "1": "1_inflation_financial_interest_investment",
    "2": "2_demand_growth_spending_forecasted"
  },
  "custom_labels": null,
  "_outliers": 0,
  "topic_aspects": {}
}